-- phpMyAdmin SQL Dump
-- version 5.2.1
-- https://www.phpmyadmin.net/
--
-- Host: localhost:3306
-- Generation Time: Nov 15, 2025 at 01:32 PM
-- Server version: 8.0.30
-- PHP Version: 8.1.10

SET SQL_MODE = "NO_AUTO_VALUE_ON_ZERO";
START TRANSACTION;
SET time_zone = "+00:00";


/*!40101 SET @OLD_CHARACTER_SET_CLIENT=@@CHARACTER_SET_CLIENT */;
/*!40101 SET @OLD_CHARACTER_SET_RESULTS=@@CHARACTER_SET_RESULTS */;
/*!40101 SET @OLD_COLLATION_CONNECTION=@@COLLATION_CONNECTION */;
/*!40101 SET NAMES utf8mb4 */;

--
-- Database: `du_an_1`
--

-- --------------------------------------------------------

--
-- Table structure for table `bookings`
--

CREATE TABLE `bookings` (
  `id` int NOT NULL,
  `user_id` int DEFAULT NULL,
  `showtime_id` int DEFAULT NULL,
  `discount_id` int DEFAULT NULL,
  `booking_date` datetime DEFAULT CURRENT_TIMESTAMP,
  `booked_seats` varchar(255) DEFAULT NULL,
  `seat_type` varchar(20) DEFAULT NULL,
  `customer_type` varchar(20) DEFAULT NULL,
  `total_amount` decimal(12,2) DEFAULT NULL,
  `discount_amount` decimal(10,2) DEFAULT NULL,
  `final_amount` decimal(12,2) DEFAULT NULL,
  `status` varchar(20) DEFAULT NULL,
  `qr_code` varchar(255) DEFAULT NULL,
  `booking_code` varchar(50) DEFAULT NULL,
  `cinema_id` int DEFAULT NULL,
  `room_id` int DEFAULT NULL
) ENGINE=InnoDB DEFAULT CHARSET=utf8mb4 COLLATE=utf8mb4_0900_ai_ci;

-- --------------------------------------------------------

--
-- Table structure for table `booking_items`
--

CREATE TABLE `booking_items` (
  `id` int NOT NULL,
  `booking_id` int DEFAULT NULL,
  `food_drink_id` int DEFAULT NULL,
  `quantity` int DEFAULT NULL,
  `unit_price` decimal(10,2) DEFAULT NULL,
  `total_price` decimal(12,2) DEFAULT NULL
) ENGINE=InnoDB DEFAULT CHARSET=utf8mb4 COLLATE=utf8mb4_0900_ai_ci;

-- --------------------------------------------------------

--
-- Table structure for table `cinemas`
--

CREATE TABLE `cinemas` (
  `id` int NOT NULL,
  `name` varchar(255) NOT NULL,
  `address` varchar(255) DEFAULT NULL,
  `created_at` datetime DEFAULT CURRENT_TIMESTAMP
) ENGINE=InnoDB DEFAULT CHARSET=utf8mb4 COLLATE=utf8mb4_0900_ai_ci;

--
-- Dumping data for table `cinemas`
--

INSERT INTO `cinemas` (`id`, `name`, `address`, `created_at`) VALUES
(1, 'CGV Times City', '458 Minh Khai, Hai Bà Trưng, Hà Nội', '2025-11-15 12:00:17'),
(2, 'Galaxy Nguyễn Du', '116 Nguyễn Du, Quận 1, TP.HCM', '2025-11-15 12:00:17');

-- --------------------------------------------------------

--
-- Table structure for table `comments`
--

CREATE TABLE `comments` (
  `id` int NOT NULL,
  `user_id` int DEFAULT NULL,
  `movie_id` int DEFAULT NULL,
  `rating` int DEFAULT NULL,
  `content` text,
  `created_at` datetime DEFAULT CURRENT_TIMESTAMP
) ENGINE=InnoDB DEFAULT CHARSET=utf8mb4 COLLATE=utf8mb4_0900_ai_ci;

-- --------------------------------------------------------

--
-- Table structure for table `customer_tiers`
--

CREATE TABLE `customer_tiers` (
  `id` int NOT NULL,
  `name` varchar(50) NOT NULL,
  `description` varchar(255) DEFAULT NULL,
  `spending_min` decimal(12,2) DEFAULT '0.00',
  `spending_max` decimal(12,2) DEFAULT NULL,
  `discount_percent` int DEFAULT '0',
  `created_at` datetime DEFAULT CURRENT_TIMESTAMP,
  `updated_at` datetime DEFAULT CURRENT_TIMESTAMP ON UPDATE CURRENT_TIMESTAMP
) ENGINE=InnoDB DEFAULT CHARSET=utf8mb4 COLLATE=utf8mb4_0900_ai_ci;

-- --------------------------------------------------------

--
-- Table structure for table `discount_codes`
--

CREATE TABLE `discount_codes` (
  `id` int NOT NULL,
  `code` varchar(50) NOT NULL,
  `discount_percent` int DEFAULT '0',
  `start_date` date DEFAULT NULL,
  `end_date` date DEFAULT NULL,
  `status` varchar(20) DEFAULT NULL
) ENGINE=InnoDB DEFAULT CHARSET=utf8mb4 COLLATE=utf8mb4_0900_ai_ci;

-- --------------------------------------------------------

--
-- Table structure for table `food_drinks`
--

CREATE TABLE `food_drinks` (
  `id` int NOT NULL,
  `name` varchar(150) DEFAULT NULL,
  `category` varchar(50) DEFAULT NULL,
  `description` text,
  `price` decimal(10,2) DEFAULT NULL,
  `image` varchar(255) DEFAULT NULL,
  `status` varchar(20) DEFAULT NULL
) ENGINE=InnoDB DEFAULT CHARSET=utf8mb4 COLLATE=utf8mb4_0900_ai_ci;

-- --------------------------------------------------------

--
-- Table structure for table `invoices`
--

CREATE TABLE `invoices` (
  `id` int NOT NULL,
  `payment_id` int DEFAULT NULL,
  `user_id` int DEFAULT NULL,
  `invoice_code` varchar(50) DEFAULT NULL,
  `created_at` datetime DEFAULT CURRENT_TIMESTAMP,
  `total_amount` decimal(12,2) DEFAULT NULL,
  `discount_amount` decimal(10,2) DEFAULT NULL,
  `extra_fee` decimal(10,2) DEFAULT NULL,
  `final_amount` decimal(12,2) DEFAULT NULL,
  `type` varchar(30) DEFAULT NULL,
  `notes` text
) ENGINE=InnoDB DEFAULT CHARSET=utf8mb4 COLLATE=utf8mb4_0900_ai_ci;

-- --------------------------------------------------------

--
-- Table structure for table `movies`
--

CREATE TABLE `movies` (
  `id` int NOT NULL,
  `genre_id` int DEFAULT NULL,
  `title` varchar(255) NOT NULL,
  `description` text,
  `duration` int DEFAULT NULL,
  `image` varchar(255) DEFAULT NULL,
  `trailer` varchar(255) DEFAULT NULL,
  `release_date` date DEFAULT NULL,
  `end_date` date DEFAULT NULL,
  `format` varchar(50) DEFAULT NULL,
  `original_language` varchar(50) DEFAULT NULL,
  `subtitle_or_dub` varchar(100) DEFAULT NULL,
  `age_rating` varchar(10) DEFAULT NULL,
  `producer` varchar(100) DEFAULT NULL,
  `status` varchar(20) DEFAULT NULL,
  `created_at` datetime DEFAULT CURRENT_TIMESTAMP,
  `updated_at` datetime DEFAULT CURRENT_TIMESTAMP ON UPDATE CURRENT_TIMESTAMP
) ENGINE=InnoDB DEFAULT CHARSET=utf8mb4 COLLATE=utf8mb4_0900_ai_ci;

--
-- Dumping data for table `movies`
--

INSERT INTO `movies` (`id`, `genre_id`, `title`, `description`, `duration`, `image`, `trailer`, `release_date`, `end_date`, `format`, `original_language`, `subtitle_or_dub`, `age_rating`, `producer`, `status`, `created_at`, `updated_at`) VALUES
(6, 3, 'anmie hhh', 'ko hay lắm đâu', 120, 'image/Generated image 1.png', 'https://youtu.be/elpzTvcWy0Q?si=_CHytHk32w_WIgVd', '2025-11-15', '2025-11-15', '3D', '', 'Phụ Đề', 'P', 'aoi', 'active', '2025-11-14 19:38:50', '2025-11-15 11:42:47'),
(7, 5, 'hay lắm', 'vdsd', 200, 'image/xoai-cat-hoa-loc-1-2.jpg', 'https://youtu.be/elpzTvcWy0Q?si=_CHytHk32w_WIgVd', '2025-11-14', '2025-11-17', '3D', 'Tiếng trung', 'Lồng tiếng', 'P', 'aoi', 'active', '2025-11-14 20:27:20', '2025-11-15 11:31:52'),
(8, 2, 'ngôn tình', 'cx hay lắm nha', 30, 'image/nhan.jpg', 'https://youtu.be/elpzTvcWy0Q?si=_CHytHk32w_WIgVd', '2025-11-16', '2025-11-17', '2D', 'Tiếng trung', 'Phụ Đề', 'C18', 'dức Anh', 'active', '2025-11-15 11:43:43', '2025-11-15 11:43:43');

-- --------------------------------------------------------

--
-- Table structure for table `movie_genres`
--

CREATE TABLE `movie_genres` (
  `id` int NOT NULL,
  `name` varchar(100) NOT NULL,
  `description` text
) ENGINE=InnoDB DEFAULT CHARSET=utf8mb4 COLLATE=utf8mb4_0900_ai_ci;

--
-- Dumping data for table `movie_genres`
--

INSERT INTO `movie_genres` (`id`, `name`, `description`) VALUES
(1, 'Hành động', 'Các bộ phim kịch tính, nhiều cảnh chiến đấu, cháy nổ.'),
(2, 'Tình cảm', 'Phim về tình yêu, cảm xúc và các mối quan hệ.'),
(3, 'Kinh dị', 'Phim gây sợ hãi, giật gân, hồi hộp.'),
(4, 'Hài hước', 'Phim có yếu tố gây cười, giải trí nhẹ nhàng.'),
(5, 'Khoa học viễn tưởng', 'Phim về công nghệ, tương lai, vũ trụ và thế giới giả tưởng.'),
(6, 'Hoạt hình', 'Phim dành cho trẻ em và người lớn, đồ họa hoạt hình.');

-- --------------------------------------------------------

--
-- Table structure for table `payments`
--

CREATE TABLE `payments` (
  `id` int NOT NULL,
  `booking_id` int DEFAULT NULL,
  `method` varchar(50) DEFAULT NULL,
  `transaction_code` varchar(100) DEFAULT NULL,
  `payment_date` datetime DEFAULT NULL,
  `total_amount` decimal(12,2) DEFAULT NULL,
  `discount_amount` decimal(10,2) DEFAULT NULL,
  `final_amount` decimal(12,2) DEFAULT NULL,
  `status` varchar(20) DEFAULT NULL
) ENGINE=InnoDB DEFAULT CHARSET=utf8mb4 COLLATE=utf8mb4_0900_ai_ci;

-- --------------------------------------------------------

--
-- Table structure for table `rooms`
--

CREATE TABLE `rooms` (
  `id` int NOT NULL,
  `cinema_id` int DEFAULT NULL,
  `room_code` varchar(20) DEFAULT NULL,
  `name` varchar(100) DEFAULT NULL,
  `seat_count` int DEFAULT '0'
) ENGINE=InnoDB DEFAULT CHARSET=utf8mb4 COLLATE=utf8mb4_0900_ai_ci;

--
-- Dumping data for table `rooms`
--

INSERT INTO `rooms` (`id`, `cinema_id`, `room_code`, `name`, `seat_count`) VALUES
(17, 1, 'R1', 'Phòng Chiếu 1', 150),
(18, 1, 'R2', 'Phòng Chiếu 2', 120),
(19, 1, 'R3', 'Phòng Chiếu 3', 180),
(20, 1, 'R4', 'Phòng Chiếu 4', 200);

-- --------------------------------------------------------

--
-- Table structure for table `seats`
--

CREATE TABLE `seats` (
  `id` int NOT NULL,
  `room_id` int DEFAULT NULL,
  `row_label` char(1) DEFAULT NULL,
  `seat_number` int DEFAULT NULL,
  `seat_type` varchar(20) DEFAULT NULL,
  `extra_price` decimal(10,2) DEFAULT NULL,
  `status` varchar(20) DEFAULT NULL
) ENGINE=InnoDB DEFAULT CHARSET=utf8mb4 COLLATE=utf8mb4_0900_ai_ci;

-- --------------------------------------------------------

--
-- Table structure for table `showtimes`
--

CREATE TABLE `showtimes` (
  `id` int NOT NULL,
  `movie_id` int DEFAULT NULL,
  `room_id` int DEFAULT NULL,
  `show_date` date NOT NULL,
  `start_time` time DEFAULT NULL,
  `end_time` time DEFAULT NULL,
  `adult_price` decimal(10,2) DEFAULT NULL,
  `student_price` decimal(10,2) DEFAULT NULL,
  `format` varchar(20) DEFAULT NULL
) ENGINE=InnoDB DEFAULT CHARSET=utf8mb4 COLLATE=utf8mb4_0900_ai_ci;

--
-- Dumping data for table `showtimes`
--

INSERT INTO `showtimes` (`id`, `movie_id`, `room_id`, `show_date`, `start_time`, `end_time`, `adult_price`, `student_price`, `format`) VALUES
(1, 8, 17, '2025-11-16', '15:00:00', '16:30:00', 80000.00, 65000.00, '2D'),
(2, 7, 18, '2025-11-15', '16:00:00', '17:00:00', 75000.00, 65000.00, '2D'),
(3, 6, 19, '2025-11-17', '14:00:00', '16:00:00', 85000.00, 70000.00, '3D'),
(4, 8, 17, '2025-11-15', '15:30:00', '16:00:00', 85000.00, 70000.00, '3D');

-- --------------------------------------------------------

--
-- Table structure for table `users`
--

CREATE TABLE `users` (
  `id` int NOT NULL,
  `full_name` varchar(100) NOT NULL,
  `email` varchar(100) NOT NULL,
  `password` varchar(255) NOT NULL,
  `phone` varchar(15) DEFAULT NULL,
  `birth_date` date DEFAULT NULL,
  `tier_id` int DEFAULT NULL,
  `total_spending` decimal(12,2) DEFAULT '0.00',
  `created_at` datetime DEFAULT CURRENT_TIMESTAMP,
  `role` varchar(20) DEFAULT 'customer' COMMENT 'Vai trò: admin, staff, customer'
) ENGINE=InnoDB DEFAULT CHARSET=utf8mb4 COLLATE=utf8mb4_0900_ai_ci;

--
-- Indexes for dumped tables
--

--
-- Indexes for table `bookings`
--
ALTER TABLE `bookings`
  ADD PRIMARY KEY (`id`),
  ADD KEY `fk_bookings_user` (`user_id`),
  ADD KEY `fk_bookings_showtime` (`showtime_id`),
  ADD KEY `fk_bookings_discount` (`discount_id`),
  ADD KEY `fk_bookings_cinema` (`cinema_id`),
  ADD KEY `fk_bookings_room` (`room_id`);

--
-- Indexes for table `booking_items`
--
ALTER TABLE `booking_items`
  ADD PRIMARY KEY (`id`),
  ADD KEY `fk_booking_items_booking` (`booking_id`),
  ADD KEY `fk_booking_items_food` (`food_drink_id`);

--
-- Indexes for table `cinemas`
--
ALTER TABLE `cinemas`
  ADD PRIMARY KEY (`id`);

--
-- Indexes for table `comments`
--
ALTER TABLE `comments`
  ADD PRIMARY KEY (`id`),
  ADD KEY `fk_comments_user` (`user_id`),
  ADD KEY `fk_comments_movie` (`movie_id`);

--
-- Indexes for table `customer_tiers`
--
ALTER TABLE `customer_tiers`
  ADD PRIMARY KEY (`id`);

--
-- Indexes for table `discount_codes`
--
ALTER TABLE `discount_codes`
  ADD PRIMARY KEY (`id`),
  ADD UNIQUE KEY `code` (`code`);

--
-- Indexes for table `food_drinks`
--
ALTER TABLE `food_drinks`
  ADD PRIMARY KEY (`id`);

--
-- Indexes for table `invoices`
--
ALTER TABLE `invoices`
  ADD PRIMARY KEY (`id`),
  ADD UNIQUE KEY `invoice_code` (`invoice_code`),
  ADD KEY `fk_invoices_payment` (`payment_id`),
  ADD KEY `fk_invoices_user` (`user_id`);

--
-- Indexes for table `movies`
--
ALTER TABLE `movies`
  ADD PRIMARY KEY (`id`),
  ADD KEY `fk_movies_genre` (`genre_id`);

--
-- Indexes for table `movie_genres`
--
ALTER TABLE `movie_genres`
  ADD PRIMARY KEY (`id`);

--
-- Indexes for table `payments`
--
ALTER TABLE `payments`
  ADD PRIMARY KEY (`id`),
  ADD KEY `fk_payments_booking` (`booking_id`);

--
-- Indexes for table `rooms`
--
ALTER TABLE `rooms`
  ADD PRIMARY KEY (`id`),
  ADD KEY `fk_rooms_cinema` (`cinema_id`);

--
-- Indexes for table `seats`
--
ALTER TABLE `seats`
  ADD PRIMARY KEY (`id`),
  ADD KEY `fk_seats_room` (`room_id`);

--
-- Indexes for table `showtimes`
--
ALTER TABLE `showtimes`
  ADD PRIMARY KEY (`id`),
  ADD KEY `fk_showtimes_movie` (`movie_id`),
  ADD KEY `fk_showtimes_room` (`room_id`);

--
-- Indexes for table `users`
--
ALTER TABLE `users`
  ADD PRIMARY KEY (`id`),
  ADD UNIQUE KEY `email` (`email`),
  ADD KEY `fk_users_tiers` (`tier_id`);

--
-- AUTO_INCREMENT for dumped tables
--

--
-- AUTO_INCREMENT for table `bookings`
--
ALTER TABLE `bookings`
  MODIFY `id` int NOT NULL AUTO_INCREMENT;

--
-- AUTO_INCREMENT for table `booking_items`
--
ALTER TABLE `booking_items`
  MODIFY `id` int NOT NULL AUTO_INCREMENT;

--
-- AUTO_INCREMENT for table `cinemas`
--
ALTER TABLE `cinemas`
  MODIFY `id` int NOT NULL AUTO_INCREMENT, AUTO_INCREMENT=3;

--
-- AUTO_INCREMENT for table `comments`
--
ALTER TABLE `comments`
  MODIFY `id` int NOT NULL AUTO_INCREMENT;

--
-- AUTO_INCREMENT for table `customer_tiers`
--
ALTER TABLE `customer_tiers`
  MODIFY `id` int NOT NULL AUTO_INCREMENT;

--
-- AUTO_INCREMENT for table `discount_codes`
--
ALTER TABLE `discount_codes`
  MODIFY `id` int NOT NULL AUTO_INCREMENT;

--
-- AUTO_INCREMENT for table `food_drinks`
--
ALTER TABLE `food_drinks`
  MODIFY `id` int NOT NULL AUTO_INCREMENT;

--
-- AUTO_INCREMENT for table `invoices`
--
ALTER TABLE `invoices`
  MODIFY `id` int NOT NULL AUTO_INCREMENT;

--
-- AUTO_INCREMENT for table `movies`
--
ALTER TABLE `movies`
  MODIFY `id` int NOT NULL AUTO_INCREMENT, AUTO_INCREMENT=9;

--
-- AUTO_INCREMENT for table `movie_genres`
--
ALTER TABLE `movie_genres`
  MODIFY `id` int NOT NULL AUTO_INCREMENT, AUTO_INCREMENT=7;

--
-- AUTO_INCREMENT for table `payments`
--
ALTER TABLE `payments`
  MODIFY `id` int NOT NULL AUTO_INCREMENT;

--
-- AUTO_INCREMENT for table `rooms`
--
ALTER TABLE `rooms`
  MODIFY `id` int NOT NULL AUTO_INCREMENT, AUTO_INCREMENT=21;

--
-- AUTO_INCREMENT for table `seats`
--
ALTER TABLE `seats`
  MODIFY `id` int NOT NULL AUTO_INCREMENT;

--
-- AUTO_INCREMENT for table `showtimes`
--
ALTER TABLE `showtimes`
  MODIFY `id` int NOT NULL AUTO_INCREMENT, AUTO_INCREMENT=5;

--
-- AUTO_INCREMENT for table `users`
--
ALTER TABLE `users`
  MODIFY `id` int NOT NULL AUTO_INCREMENT, AUTO_INCREMENT=2;

--
-- Constraints for dumped tables
--

--
-- Constraints for table `bookings`
--
ALTER TABLE `bookings`
  ADD CONSTRAINT `fk_bookings_cinema` FOREIGN KEY (`cinema_id`) REFERENCES `cinemas` (`id`) ON DELETE SET NULL ON UPDATE CASCADE,
  ADD CONSTRAINT `fk_bookings_discount` FOREIGN KEY (`discount_id`) REFERENCES `discount_codes` (`id`) ON DELETE SET NULL ON UPDATE CASCADE,
  ADD CONSTRAINT `fk_bookings_room` FOREIGN KEY (`room_id`) REFERENCES `rooms` (`id`) ON DELETE SET NULL ON UPDATE CASCADE,
  ADD CONSTRAINT `fk_bookings_showtime` FOREIGN KEY (`showtime_id`) REFERENCES `showtimes` (`id`) ON DELETE SET NULL ON UPDATE CASCADE,
  ADD CONSTRAINT `fk_bookings_user` FOREIGN KEY (`user_id`) REFERENCES `users` (`id`) ON DELETE SET NULL ON UPDATE CASCADE;

--
-- Constraints for table `booking_items`
--
ALTER TABLE `booking_items`
  ADD CONSTRAINT `fk_booking_items_booking` FOREIGN KEY (`booking_id`) REFERENCES `bookings` (`id`) ON DELETE CASCADE ON UPDATE CASCADE,
  ADD CONSTRAINT `fk_booking_items_food` FOREIGN KEY (`food_drink_id`) REFERENCES `food_drinks` (`id`) ON DELETE SET NULL ON UPDATE CASCADE;

--
-- Constraints for table `comments`
--
ALTER TABLE `comments`
  ADD CONSTRAINT `fk_comments_movie` FOREIGN KEY (`movie_id`) REFERENCES `movies` (`id`) ON DELETE CASCADE ON UPDATE CASCADE,
  ADD CONSTRAINT `fk_comments_user` FOREIGN KEY (`user_id`) REFERENCES `users` (`id`) ON DELETE SET NULL ON UPDATE CASCADE;

--
-- Constraints for table `invoices`
--
ALTER TABLE `invoices`
  ADD CONSTRAINT `fk_invoices_payment` FOREIGN KEY (`payment_id`) REFERENCES `payments` (`id`) ON DELETE SET NULL ON UPDATE CASCADE,
  ADD CONSTRAINT `fk_invoices_user` FOREIGN KEY (`user_id`) REFERENCES `users` (`id`) ON DELETE SET NULL ON UPDATE CASCADE;

--
-- Constraints for table `movies`
--
ALTER TABLE `movies`
  ADD CONSTRAINT `fk_movies_genre` FOREIGN KEY (`genre_id`) REFERENCES `movie_genres` (`id`) ON DELETE SET NULL ON UPDATE CASCADE;

--
-- Constraints for table `payments`
--
ALTER TABLE `payments`
  ADD CONSTRAINT `fk_payments_booking` FOREIGN KEY (`booking_id`) REFERENCES `bookings` (`id`) ON DELETE SET NULL ON UPDATE CASCADE;

--
-- Constraints for table `rooms`
--
ALTER TABLE `rooms`
  ADD CONSTRAINT `fk_rooms_cinema` FOREIGN KEY (`cinema_id`) REFERENCES `cinemas` (`id`) ON DELETE CASCADE ON UPDATE CASCADE;

--
-- Constraints for table `seats`
--
ALTER TABLE `seats`
  ADD CONSTRAINT `fk_seats_room` FOREIGN KEY (`room_id`) REFERENCES `rooms` (`id`) ON DELETE CASCADE ON UPDATE CASCADE;

--
-- Constraints for table `showtimes`
--
ALTER TABLE `showtimes`
  ADD CONSTRAINT `fk_showtimes_movie` FOREIGN KEY (`movie_id`) REFERENCES `movies` (`id`) ON DELETE SET NULL ON UPDATE CASCADE,
  ADD CONSTRAINT `fk_showtimes_room` FOREIGN KEY (`room_id`) REFERENCES `rooms` (`id`) ON DELETE SET NULL ON UPDATE CASCADE;

--
-- Constraints for table `users`
--
ALTER TABLE `users`
  ADD CONSTRAINT `fk_users_tiers` FOREIGN KEY (`tier_id`) REFERENCES `customer_tiers` (`id`) ON DELETE SET NULL ON UPDATE CASCADE;
COMMIT;

/*!40101 SET CHARACTER_SET_CLIENT=@OLD_CHARACTER_SET_CLIENT */;
/*!40101 SET CHARACTER_SET_RESULTS=@OLD_CHARACTER_SET_RESULTS */;
/*!40101 SET COLLATION_CONNECTION=@OLD_COLLATION_CONNECTION */;
